Species,Cp(J/molK),Hf(J/mol),MW(g/mol),p(kg/m3)
GLY,221.18,-669.60e3,92.09380,1260
AAC,159.80,-483.52e3,60.05200,1050
WAT,75.380,-285.83e3,18.01530,997.77
TAC,389.00,-1330.8e3,218.2039,1160
DAC,340.98,-1120.7e3,176.1672,1170
MAC,291.36,-903.53e3,134.1305,1200
